filepath,steering
dataset\2019-4-7-21-51-48 601878.jpeg,0.0
dataset\2019-4-7-21-51-48 259719.jpeg,0.0
dataset\2019-4-7-21-51-48 489698.jpeg,0.0
dataset\2019-4-7-21-51-48 787863.jpeg,0.0
dataset\2019-4-7-21-51-48 748996.jpeg,0.0
dataset\2019-4-7-21-51-48 142692.jpeg,0.0
dataset\2019-4-7-21-51-48 417659.jpeg,0.0
dataset\2019-4-7-21-51-48 531740.jpeg,0.0
dataset\2019-4-7-21-51-48 647815.jpeg,0.0
dataset\2019-4-7-21-51-48 332698.jpeg,0.0
dataset\2019-4-7-21-51-48 231689.jpeg,0.0
dataset\2019-4-7-21-51-48 104652.jpeg,0.0
dataset\2019-4-7-21-51-48 874674.jpeg,0.0
dataset\2019-4-7-21-51-48 945960.jpeg,0.0
dataset\2019-4-7-21-51-49 8967.jpeg,0.0
dataset\2019-4-7-21-51-49 138672.jpeg,0.0
dataset\2019-4-7-21-51-49 89960.jpeg,0.0
dataset\2019-4-7-21-51-49 204038.jpeg,0.0
dataset\2019-4-7-21-51-49 243072.jpeg,0.0
dataset\2019-4-7-21-51-49 356226.jpeg,0.0
dataset\2019-4-7-21-51-49 400226.jpeg,0.0
dataset\2019-4-7-21-51-49 471186.jpeg,0.0
dataset\2019-4-7-21-51-49 543252.jpeg,0.0
dataset\2019-4-7-21-51-49 592256.jpeg,0.0
dataset\2019-4-7-21-51-49 677228.jpeg,0.0
dataset\2019-4-7-21-51-49 726840.jpeg,0.0
dataset\2019-4-7-21-51-49 804878.jpeg,0.0
dataset\2019-4-7-21-51-49 859959.jpeg,0.0
dataset\2019-4-7-21-51-49 943919.jpeg,0.0
dataset\2019-4-7-21-51-50 17920.jpeg,0.0
dataset\2019-4-7-21-51-50 82998.jpeg,0.0
dataset\2019-4-7-21-51-50 133638.jpeg,0.0
dataset\2019-4-7-21-51-50 206389.jpeg,0.0
dataset\2019-4-7-21-51-50 265456.jpeg,0.0
dataset\2019-4-7-21-51-50 334075.jpeg,0.0
dataset\2019-4-7-21-51-50 418055.jpeg,0.0
dataset\2019-4-7-21-51-50 485065.jpeg,0.0
dataset\2019-4-7-21-51-50 540054.jpeg,0.0
dataset\2019-4-7-21-51-50 620996.jpeg,0.0
dataset\2019-4-7-21-51-50 671978.jpeg,0.0
dataset\2019-4-7-21-51-50 733070.jpeg,0.0
dataset\2019-4-7-21-51-50 804256.jpeg,0.0
dataset\2019-4-7-21-51-50 879210.jpeg,0.0
dataset\2019-4-7-21-51-50 930253.jpeg,0.0
dataset\2019-4-7-21-51-50 993680.jpeg,0.0
dataset\2019-4-7-21-51-51 75679.jpeg,0.0
dataset\2019-4-7-21-51-51 136940.jpeg,0.0
dataset\2019-4-7-21-51-51 197943.jpeg,0.0
dataset\2019-4-7-21-51-51 281007.jpeg,0.0
dataset\2019-4-7-21-51-51 337939.jpeg,0.0
dataset\2019-4-7-21-51-51 415980.jpeg,0.0
dataset\2019-4-7-21-51-51 470015.jpeg,0.0
dataset\2019-4-7-21-51-51 547954.jpeg,0.0
dataset\2019-4-7-21-51-51 603024.jpeg,0.0
dataset\2019-4-7-21-51-51 704222.jpeg,0.0
dataset\2019-4-7-21-51-51 738219.jpeg,0.0
dataset\2019-4-7-21-51-51 812203.jpeg,0.0
dataset\2019-4-7-21-51-51 878175.jpeg,0.0
dataset\2019-4-7-21-51-51 921227.jpeg,0.0
dataset\2019-4-7-21-51-52 6186.jpeg,0.0
dataset\2019-4-7-21-51-52 65224.jpeg,0.0
dataset\2019-4-7-21-51-52 151228.jpeg,0.0
dataset\2019-4-7-21-51-52 198218.jpeg,0.0
dataset\2019-4-7-21-51-52 276182.jpeg,0.0
dataset\2019-4-7-21-51-52 357148.jpeg,0.0
dataset\2019-4-7-21-51-52 404149.jpeg,0.0
dataset\2019-4-7-21-51-52 483161.jpeg,0.0
dataset\2019-4-7-21-51-52 543839.jpeg,0.0
dataset\2019-4-7-21-51-52 599839.jpeg,0.0
dataset\2019-4-7-21-51-52 676870.jpeg,0.0
dataset\2019-4-7-21-51-52 750904.jpeg,0.0
dataset\2019-4-7-21-51-52 798931.jpeg,0.0
dataset\2019-4-7-21-51-52 871875.jpeg,0.0
dataset\2019-4-7-21-51-52 943953.jpeg,0.0
dataset\2019-4-7-21-51-53 14991.jpeg,0.0
dataset\2019-4-7-21-51-53 59184.jpeg,0.0
dataset\2019-4-7-21-51-53 131185.jpeg,0.0
dataset\2019-4-7-21-51-53 204176.jpeg,0.0
dataset\2019-4-7-21-51-53 283181.jpeg,0.0
dataset\2019-4-7-21-51-53 322153.jpeg,0.0
dataset\2019-4-7-21-51-53 426146.jpeg,0.0
dataset\2019-4-7-21-51-53 464468.jpeg,0.0
dataset\2019-4-7-21-51-53 546058.jpeg,0.0
dataset\2019-4-7-21-51-53 624059.jpeg,0.0
dataset\2019-4-7-21-51-53 665126.jpeg,0.0
dataset\2019-4-7-21-51-53 753098.jpeg,0.0
dataset\2019-4-7-21-51-53 817059.jpeg,-0.07999999821186066
dataset\2019-4-7-21-51-53 866090.jpeg,-0.20000000298023224
dataset\2019-4-7-21-51-53 947120.jpeg,0.0
dataset\2019-4-7-21-51-54 8132.jpeg,0.0
dataset\2019-4-7-21-51-54 76163.jpeg,0.0
dataset\2019-4-7-21-51-54 126165.jpeg,0.0
dataset\2019-4-7-21-51-54 213127.jpeg,0.0
dataset\2019-4-7-21-51-54 279924.jpeg,0.0
dataset\2019-4-7-21-51-54 344476.jpeg,0.0
dataset\2019-4-7-21-51-54 411444.jpeg,0.0
dataset\2019-4-7-21-51-54 478402.jpeg,0.0
dataset\2019-4-7-21-51-54 525476.jpeg,0.0
dataset\2019-4-7-21-51-54 619444.jpeg,0.0
dataset\2019-4-7-21-51-54 670404.jpeg,0.0
dataset\2019-4-7-21-51-54 732437.jpeg,0.0
dataset\2019-4-7-21-51-54 791476.jpeg,0.0
dataset\2019-4-7-21-51-54 868445.jpeg,0.0
dataset\2019-4-7-21-51-54 939402.jpeg,0.0
dataset\2019-4-7-21-51-55 401.jpeg,0.0
dataset\2019-4-7-21-51-55 65405.jpeg,0.0
dataset\2019-4-7-21-51-55 135755.jpeg,0.0
dataset\2019-4-7-21-51-55 185752.jpeg,-0.019999999552965164
dataset\2019-4-7-21-51-55 280539.jpeg,-0.11999999731779099
dataset\2019-4-7-21-51-55 345993.jpeg,-0.2199999988079071
dataset\2019-4-7-21-51-55 407029.jpeg,0.0
dataset\2019-4-7-21-51-55 490123.jpeg,0.0
dataset\2019-4-7-21-51-55 540125.jpeg,0.0
dataset\2019-4-7-21-51-55 619651.jpeg,0.0
dataset\2019-4-7-21-51-55 679099.jpeg,0.0
dataset\2019-4-7-21-51-55 729163.jpeg,0.0
dataset\2019-4-7-21-51-55 792135.jpeg,0.0
dataset\2019-4-7-21-51-55 885181.jpeg,0.0
dataset\2019-4-7-21-51-55 929940.jpeg,0.0
dataset\2019-4-7-21-51-56 6934.jpeg,0.0
dataset\2019-4-7-21-51-56 84207.jpeg,-0.11999999731779099
dataset\2019-4-7-21-51-56 151051.jpeg,-0.23999999463558197
dataset\2019-4-7-21-51-56 196013.jpeg,-0.3400000035762787
dataset\2019-4-7-21-51-56 275615.jpeg,-0.46000000834465027
dataset\2019-4-7-21-51-56 346633.jpeg,0.0
dataset\2019-4-7-21-51-56 411632.jpeg,0.0
dataset\2019-4-7-21-51-56 493627.jpeg,0.0
dataset\2019-4-7-21-51-56 550661.jpeg,0.0
dataset\2019-4-7-21-51-56 610672.jpeg,0.0
dataset\2019-4-7-21-51-56 677670.jpeg,0.0
dataset\2019-4-7-21-51-56 738669.jpeg,0.0
dataset\2019-4-7-21-51-56 800701.jpeg,0.0
dataset\2019-4-7-21-51-56 868692.jpeg,0.0
dataset\2019-4-7-21-51-56 923946.jpeg,0.0
dataset\2019-4-7-21-51-57 16258.jpeg,-0.05999999865889549
dataset\2019-4-7-21-51-57 79262.jpeg,-0.1599999964237213
dataset\2019-4-7-21-51-57 138283.jpeg,-0.25999999046325684
dataset\2019-4-7-21-51-57 190384.jpeg,0.0
dataset\2019-4-7-21-51-57 279383.jpeg,0.0
dataset\2019-4-7-21-51-57 322355.jpeg,0.0
dataset\2019-4-7-21-51-57 408467.jpeg,0.0
dataset\2019-4-7-21-51-57 484391.jpeg,0.0
dataset\2019-4-7-21-51-57 533392.jpeg,0.0
dataset\2019-4-7-21-51-57 582434.jpeg,0.0
dataset\2019-4-7-21-51-57 685420.jpeg,0.0
dataset\2019-4-7-21-51-57 756462.jpeg,0.0
dataset\2019-4-7-21-51-57 795393.jpeg,0.0
dataset\2019-4-7-21-51-57 881436.jpeg,0.0
dataset\2019-4-7-21-51-57 918435.jpeg,0.0
dataset\2019-4-7-21-51-58 10438.jpeg,0.0
dataset\2019-4-7-21-51-58 125073.jpeg,0.0
dataset\2019-4-7-21-51-58 70429.jpeg,0.0
dataset\2019-4-7-21-51-58 218207.jpeg,0.0
dataset\2019-4-7-21-51-58 285066.jpeg,0.0
dataset\2019-4-7-21-51-58 328867.jpeg,0.0
dataset\2019-4-7-21-51-58 392907.jpeg,0.0
dataset\2019-4-7-21-51-58 468782.jpeg,0.0
dataset\2019-4-7-21-51-58 548336.jpeg,0.05999999865889549
dataset\2019-4-7-21-51-58 600298.jpeg,0.18000000715255737
dataset\2019-4-7-21-51-58 656366.jpeg,0.2800000011920929
dataset\2019-4-7-21-51-58 749364.jpeg,0.4000000059604645
dataset\2019-4-7-21-51-58 793363.jpeg,0.5199999809265137
dataset\2019-4-7-21-51-58 863336.jpeg,0.6200000047683716
dataset\2019-4-7-21-51-58 935363.jpeg,0.7200000286102295
dataset\2019-4-7-21-51-58 994339.jpeg,0.8399999737739563
dataset\2019-4-7-21-51-59 83333.jpeg,0.9399999976158142
dataset\2019-4-7-21-51-59 121368.jpeg,0.9800000190734863
dataset\2019-4-7-21-51-59 212302.jpeg,0.9800000190734863
dataset\2019-4-7-21-51-59 279580.jpeg,0.9800000190734863
dataset\2019-4-7-21-51-59 343876.jpeg,0.9800000190734863
dataset\2019-4-7-21-51-59 409812.jpeg,0.9800000190734863
dataset\2019-4-7-21-51-59 477770.jpeg,0.9800000190734863
dataset\2019-4-7-21-51-59 552807.jpeg,0.9800000190734863
dataset\2019-4-7-21-51-59 585768.jpeg,0.9800000190734863
dataset\2019-4-7-21-51-59 675772.jpeg,0.9800000190734863
dataset\2019-4-7-21-51-59 725184.jpeg,0.9800000190734863
dataset\2019-4-7-21-51-59 789666.jpeg,0.9800000190734863
dataset\2019-4-7-21-51-59 876593.jpeg,0.9800000190734863
dataset\2019-4-7-21-51-59 930634.jpeg,0.9800000190734863
dataset\2019-4-7-21-51-59 999647.jpeg,0.9800000190734863
dataset\2019-4-7-21-52-0 94597.jpeg,0.9800000190734863
dataset\2019-4-7-21-52-0 122617.jpeg,0.9800000190734863
dataset\2019-4-7-21-52-0 192836.jpeg,0.9800000190734863
dataset\2019-4-7-21-52-0 268445.jpeg,0.9800000190734863
dataset\2019-4-7-21-52-0 350484.jpeg,0.9800000190734863
dataset\2019-4-7-21-52-0 399486.jpeg,0.9800000190734863
dataset\2019-4-7-21-52-0 486410.jpeg,0.9800000190734863
dataset\2019-4-7-21-52-0 524445.jpeg,0.9800000190734863
dataset\2019-4-7-21-52-0 594451.jpeg,0.9800000190734863
dataset\2019-4-7-21-52-0 686452.jpeg,0.9800000190734863
dataset\2019-4-7-21-52-0 751494.jpeg,0.9800000190734863
dataset\2019-4-7-21-52-0 790485.jpeg,0.9800000190734863
dataset\2019-4-7-21-52-0 870478.jpeg,0.9800000190734863
dataset\2019-4-7-21-52-0 936478.jpeg,0.9800000190734863
dataset\2019-4-7-21-52-1 4065.jpeg,0.9800000190734863
dataset\2019-4-7-21-52-1 85991.jpeg,0.9800000190734863
dataset\2019-4-7-21-52-1 134047.jpeg,0.9800000190734863
dataset\2019-4-7-21-52-1 211070.jpeg,0.9800000190734863
dataset\2019-4-7-21-52-1 280068.jpeg,0.9800000190734863
dataset\2019-4-7-21-52-1 356027.jpeg,0.9800000190734863
dataset\2019-4-7-21-52-1 419058.jpeg,0.9800000190734863
dataset\2019-4-7-21-52-1 457035.jpeg,0.9800000190734863
dataset\2019-4-7-21-52-1 541997.jpeg,0.9800000190734863
dataset\2019-4-7-21-52-1 591169.jpeg,0.9800000190734863
dataset\2019-4-7-21-52-1 686277.jpeg,0.9800000190734863
dataset\2019-4-7-21-52-1 729840.jpeg,0.9800000190734863
dataset\2019-4-7-21-52-1 794879.jpeg,0.9800000190734863
dataset\2019-4-7-21-52-1 873873.jpeg,0.9800000190734863
dataset\2019-4-7-21-52-1 921908.jpeg,0.9800000190734863
dataset\2019-4-7-21-52-2 1908.jpeg,0.9800000190734863
dataset\2019-4-7-21-52-2 84123.jpeg,0.9800000190734863
dataset\2019-4-7-21-52-2 133871.jpeg,0.9800000190734863
dataset\2019-4-7-21-52-2 195782.jpeg,0.9800000190734863
dataset\2019-4-7-21-52-2 267603.jpeg,0.9800000190734863
dataset\2019-4-7-21-52-2 336586.jpeg,0.9800000190734863
dataset\2019-4-7-21-52-2 404554.jpeg,0.9800000190734863
dataset\2019-4-7-21-52-2 466731.jpeg,0.9800000190734863
dataset\2019-4-7-21-52-2 547707.jpeg,0.9800000190734863
dataset\2019-4-7-21-52-2 608242.jpeg,0.9800000190734863
dataset\2019-4-7-21-52-2 680360.jpeg,0.9800000190734863
dataset\2019-4-7-21-52-2 730305.jpeg,0.9800000190734863
dataset\2019-4-7-21-52-2 813854.jpeg,0.9800000190734863
dataset\2019-4-7-21-52-2 882852.jpeg,0.9800000190734863
dataset\2019-4-7-21-52-2 926923.jpeg,0.9800000190734863
dataset\2019-4-7-21-52-3 15851.jpeg,0.9800000190734863
dataset\2019-4-7-21-52-3 64914.jpeg,0.9800000190734863
dataset\2019-4-7-21-52-3 134852.jpeg,0.9800000190734863
dataset\2019-4-7-21-52-3 189853.jpeg,0.9800000190734863
dataset\2019-4-7-21-52-3 250854.jpeg,0.9800000190734863
dataset\2019-4-7-21-52-3 350915.jpeg,0.0
dataset\2019-4-7-21-52-3 428922.jpeg,-0.07999999821186066
dataset\2019-4-7-21-52-3 486851.jpeg,-0.18000000715255737
dataset\2019-4-7-21-52-3 546920.jpeg,-0.30000001192092896
dataset\2019-4-7-21-52-3 607854.jpeg,-0.4000000059604645
dataset\2019-4-7-21-52-3 672919.jpeg,-0.5199999809265137
dataset\2019-4-7-21-52-3 723914.jpeg,-0.6200000047683716
dataset\2019-4-7-21-52-3 787931.jpeg,-0.7400000095367432
dataset\2019-4-7-21-52-3 873491.jpeg,-0.8399999737739563
dataset\2019-4-7-21-52-3 917511.jpeg,-0.9599999785423279
dataset\2019-4-7-21-52-4 4210.jpeg,-0.9800000190734863
dataset\2019-4-7-21-52-4 76285.jpeg,-0.9800000190734863
dataset\2019-4-7-21-52-4 127210.jpeg,-0.9800000190734863
dataset\2019-4-7-21-52-4 207210.jpeg,-0.9800000190734863
dataset\2019-4-7-21-52-4 264773.jpeg,-0.9800000190734863
dataset\2019-4-7-21-52-4 336796.jpeg,-0.9800000190734863
dataset\2019-4-7-21-52-4 388794.jpeg,-0.9800000190734863
dataset\2019-4-7-21-52-4 477846.jpeg,-0.9800000190734863
dataset\2019-4-7-21-52-4 519847.jpeg,-0.9800000190734863
dataset\2019-4-7-21-52-4 615872.jpeg,-0.9800000190734863
dataset\2019-4-7-21-52-4 687896.jpeg,-0.9800000190734863
dataset\2019-4-7-21-52-4 792988.jpeg,-0.9800000190734863
dataset\2019-4-7-21-52-4 736972.jpeg,-0.9800000190734863
dataset\2019-4-7-21-52-4 868058.jpeg,-0.9800000190734863
dataset\2019-4-7-21-52-4 943145.jpeg,-0.9800000190734863
dataset\2019-4-7-21-52-4 983079.jpeg,-0.9800000190734863
dataset\2019-4-7-21-52-5 75200.jpeg,-0.9800000190734863
dataset\2019-4-7-21-52-5 151122.jpeg,-0.9800000190734863
dataset\2019-4-7-21-52-5 202155.jpeg,-0.9800000190734863
dataset\2019-4-7-21-52-5 271347.jpeg,-0.9800000190734863
dataset\2019-4-7-21-52-5 350893.jpeg,-0.9800000190734863
dataset\2019-4-7-21-52-5 419894.jpeg,0.019999999552965164
dataset\2019-4-7-21-52-5 480899.jpeg,0.11999999731779099
dataset\2019-4-7-21-52-5 531941.jpeg,0.23999999463558197
dataset\2019-4-7-21-52-5 600945.jpeg,0.3400000035762787
dataset\2019-4-7-21-52-5 671900.jpeg,0.4399999976158142
dataset\2019-4-7-21-52-5 758892.jpeg,0.5600000023841858
dataset\2019-4-7-21-52-5 793893.jpeg,0.6600000262260437
dataset\2019-4-7-21-52-5 876467.jpeg,0.7799999713897705
dataset\2019-4-7-21-52-5 937451.jpeg,0.8799999952316284
dataset\2019-4-7-21-52-5 992146.jpeg,0.9800000190734863
dataset\2019-4-7-21-52-6 77969.jpeg,0.9800000190734863
dataset\2019-4-7-21-52-6 127930.jpeg,0.9800000190734863
dataset\2019-4-7-21-52-6 196929.jpeg,0.9800000190734863
dataset\2019-4-7-21-52-6 245962.jpeg,0.9800000190734863
dataset\2019-4-7-21-52-6 350990.jpeg,0.9800000190734863
dataset\2019-4-7-21-52-6 401026.jpeg,0.9800000190734863
dataset\2019-4-7-21-52-6 466048.jpeg,0.9800000190734863
dataset\2019-4-7-21-52-6 537784.jpeg,0.9800000190734863
dataset\2019-4-7-21-52-6 583722.jpeg,0.9800000190734863
dataset\2019-4-7-21-52-6 667579.jpeg,0.9800000190734863
dataset\2019-4-7-21-52-6 739616.jpeg,0.9800000190734863
dataset\2019-4-7-21-52-6 807619.jpeg,0.9800000190734863
dataset\2019-4-7-21-52-6 861998.jpeg,0.9800000190734863
dataset\2019-4-7-21-52-6 928335.jpeg,0.9800000190734863
dataset\2019-4-7-21-52-7 14326.jpeg,0.9800000190734863
dataset\2019-4-7-21-52-7 76366.jpeg,0.9800000190734863
dataset\2019-4-7-21-52-7 136369.jpeg,0.9800000190734863
dataset\2019-4-7-21-52-7 196366.jpeg,0.9800000190734863
dataset\2019-4-7-21-52-7 266366.jpeg,0.9800000190734863
dataset\2019-4-7-21-52-7 328902.jpeg,0.9800000190734863
dataset\2019-4-7-21-52-7 408818.jpeg,0.9800000190734863
dataset\2019-4-7-21-52-7 469838.jpeg,0.9800000190734863
dataset\2019-4-7-21-52-7 520080.jpeg,0.0
dataset\2019-4-7-21-52-7 601066.jpeg,0.0
dataset\2019-4-7-21-52-7 662025.jpeg,0.0
dataset\2019-4-7-21-52-7 749624.jpeg,0.0
dataset\2019-4-7-21-52-7 819678.jpeg,0.0
dataset\2019-4-7-21-52-7 874919.jpeg,0.0
dataset\2019-4-7-21-52-7 920455.jpeg,0.0
dataset\2019-4-7-21-52-7 990248.jpeg,0.0
dataset\2019-4-7-21-52-8 60844.jpeg,0.07999999821186066
dataset\2019-4-7-21-52-8 138794.jpeg,0.18000000715255737
dataset\2019-4-7-21-52-8 194828.jpeg,0.2800000011920929
dataset\2019-4-7-21-52-8 275799.jpeg,0.4000000059604645
dataset\2019-4-7-21-52-8 352795.jpeg,0.5
dataset\2019-4-7-21-52-8 428594.jpeg,0.0
dataset\2019-4-7-21-52-8 481597.jpeg,0.0
dataset\2019-4-7-21-52-8 526596.jpeg,0.0
dataset\2019-4-7-21-52-8 608139.jpeg,0.0
dataset\2019-4-7-21-52-8 674190.jpeg,0.0
dataset\2019-4-7-21-52-8 740141.jpeg,0.0
dataset\2019-4-7-21-52-8 786189.jpeg,0.0
dataset\2019-4-7-21-52-8 882197.jpeg,0.0
dataset\2019-4-7-21-52-8 942144.jpeg,0.0
dataset\2019-4-7-21-52-9 11201.jpeg,0.0
dataset\2019-4-7-21-52-9 55199.jpeg,0.019999999552965164
dataset\2019-4-7-21-52-9 129203.jpeg,0.11999999731779099
dataset\2019-4-7-21-52-9 221142.jpeg,0.23999999463558197
dataset\2019-4-7-21-52-9 304669.jpeg,0.3400000035762787
dataset\2019-4-7-21-52-9 339716.jpeg,0.4399999976158142
dataset\2019-4-7-21-52-9 389715.jpeg,0.5600000023841858
dataset\2019-4-7-21-52-9 466097.jpeg,0.6600000262260437
dataset\2019-4-7-21-52-9 536094.jpeg,0.7799999713897705
dataset\2019-4-7-21-52-9 599102.jpeg,0.8799999952316284
dataset\2019-4-7-21-52-9 662105.jpeg,0.9800000190734863
dataset\2019-4-7-21-52-9 746046.jpeg,0.9800000190734863
dataset\2019-4-7-21-52-9 796084.jpeg,0.9800000190734863
dataset\2019-4-7-21-52-9 860111.jpeg,0.9800000190734863
dataset\2019-4-7-21-52-9 946101.jpeg,0.0
dataset\2019-4-7-21-52-10 14041.jpeg,0.0
dataset\2019-4-7-21-52-10 80101.jpeg,0.0
dataset\2019-4-7-21-52-10 141087.jpeg,0.0
dataset\2019-4-7-21-52-10 202109.jpeg,0.0
dataset\2019-4-7-21-52-10 276039.jpeg,0.0
dataset\2019-4-7-21-52-10 343042.jpeg,0.0
dataset\2019-4-7-21-52-10 398044.jpeg,0.0
dataset\2019-4-7-21-52-10 460046.jpeg,0.07999999821186066
dataset\2019-4-7-21-52-10 543046.jpeg,0.20000000298023224
dataset\2019-4-7-21-52-10 594040.jpeg,0.30000001192092896
dataset\2019-4-7-21-52-10 664367.jpeg,0.41999998688697815
dataset\2019-4-7-21-52-10 728360.jpeg,0.5400000214576721
dataset\2019-4-7-21-52-10 805359.jpeg,0.6399999856948853
dataset\2019-4-7-21-52-10 880428.jpeg,0.7400000095367432
dataset\2019-4-7-21-52-10 923559.jpeg,0.8600000143051147
dataset\2019-4-7-21-52-11 6560.jpeg,0.9599999785423279
dataset\2019-4-7-21-52-11 65557.jpeg,0.0
dataset\2019-4-7-21-52-11 138637.jpeg,-0.11999999731779099
dataset\2019-4-7-21-52-11 206652.jpeg,-0.2199999988079071
dataset\2019-4-7-21-52-11 251591.jpeg,-0.3400000035762787
dataset\2019-4-7-21-52-11 332590.jpeg,-0.4399999976158142
dataset\2019-4-7-21-52-11 450590.jpeg,-0.6600000262260437
dataset\2019-4-7-21-52-11 417590.jpeg,-0.5600000023841858
dataset\2019-4-7-21-52-11 554590.jpeg,-0.7799999713897705
dataset\2019-4-7-21-52-11 603589.jpeg,-0.8799999952316284
dataset\2019-4-7-21-52-11 678648.jpeg,-0.9800000190734863
dataset\2019-4-7-21-52-11 719649.jpeg,-0.9800000190734863
dataset\2019-4-7-21-52-11 804591.jpeg,-0.9800000190734863
dataset\2019-4-7-21-52-11 885627.jpeg,0.0
dataset\2019-4-7-21-52-11 951648.jpeg,0.0
dataset\2019-4-7-21-52-11 993095.jpeg,0.0
dataset\2019-4-7-21-52-12 87531.jpeg,0.0
dataset\2019-4-7-21-52-12 137527.jpeg,0.0
dataset\2019-4-7-21-52-12 193722.jpeg,0.0
dataset\2019-4-7-21-52-12 263715.jpeg,-0.03999999910593033
dataset\2019-4-7-21-52-12 345662.jpeg,-0.14000000059604645
dataset\2019-4-7-21-52-12 402659.jpeg,-0.25999999046325684
dataset\2019-4-7-21-52-12 478659.jpeg,-0.36000001430511475
dataset\2019-4-7-21-52-12 549149.jpeg,-0.47999998927116394
dataset\2019-4-7-21-52-12 625146.jpeg,-0.5799999833106995
dataset\2019-4-7-21-52-12 707140.jpeg,-0.699999988079071
dataset\2019-4-7-21-52-12 751146.jpeg,0.0
dataset\2019-4-7-21-52-12 800147.jpeg,0.0
dataset\2019-4-7-21-52-12 878138.jpeg,0.05999999865889549
dataset\2019-4-7-21-52-12 958138.jpeg,0.18000000715255737
dataset\2019-4-7-21-52-13 38145.jpeg,0.2800000011920929
dataset\2019-4-7-21-52-13 61140.jpeg,0.4000000059604645
dataset\2019-4-7-21-52-13 144727.jpeg,0.5
dataset\2019-4-7-21-52-13 187436.jpeg,0.6200000047683716
dataset\2019-4-7-21-52-13 260450.jpeg,0.7200000286102295
dataset\2019-4-7-21-52-13 335025.jpeg,0.8399999737739563
dataset\2019-4-7-21-52-13 409009.jpeg,0.9399999976158142
dataset\2019-4-7-21-52-13 454000.jpeg,0.9800000190734863
dataset\2019-4-7-21-52-13 543619.jpeg,0.9800000190734863
dataset\2019-4-7-21-52-13 620600.jpeg,0.9800000190734863
dataset\2019-4-7-21-52-13 689643.jpeg,0.9800000190734863
dataset\2019-4-7-21-52-13 734660.jpeg,0.9800000190734863
dataset\2019-4-7-21-52-13 787644.jpeg,0.9800000190734863
dataset\2019-4-7-21-52-13 854642.jpeg,0.9800000190734863
dataset\2019-4-7-21-52-13 924659.jpeg,0.9800000190734863
dataset\2019-4-7-21-52-14 6660.jpeg,0.9800000190734863
dataset\2019-4-7-21-52-14 66662.jpeg,0.9800000190734863
dataset\2019-4-7-21-52-14 119601.jpeg,0.9800000190734863
dataset\2019-4-7-21-52-14 203658.jpeg,0.9800000190734863
dataset\2019-4-7-21-52-14 251910.jpeg,0.9800000190734863
dataset\2019-4-7-21-52-14 335636.jpeg,0.9800000190734863
dataset\2019-4-7-21-52-14 408758.jpeg,0.9800000190734863
dataset\2019-4-7-21-52-14 482817.jpeg,0.9800000190734863
dataset\2019-4-7-21-52-14 536821.jpeg,0.9800000190734863
dataset\2019-4-7-21-52-14 599757.jpeg,0.9800000190734863
dataset\2019-4-7-21-52-14 674817.jpeg,0.9800000190734863
dataset\2019-4-7-21-52-14 747500.jpeg,0.9800000190734863
dataset\2019-4-7-21-52-14 795443.jpeg,0.9800000190734863
dataset\2019-4-7-21-52-14 872374.jpeg,0.9800000190734863
dataset\2019-4-7-21-52-14 954904.jpeg,0.9800000190734863
dataset\2019-4-7-21-52-14 988908.jpeg,0.9800000190734863
dataset\2019-4-7-21-52-15 53908.jpeg,0.9800000190734863
dataset\2019-4-7-21-52-15 138010.jpeg,0.9800000190734863
dataset\2019-4-7-21-52-15 188994.jpeg,0.9800000190734863
dataset\2019-4-7-21-52-15 269992.jpeg,0.9800000190734863
dataset\2019-4-7-21-52-15 339007.jpeg,0.9800000190734863
dataset\2019-4-7-21-52-15 380004.jpeg,0.9800000190734863
dataset\2019-4-7-21-52-15 480947.jpeg,0.9800000190734863
dataset\2019-4-7-21-52-15 531946.jpeg,0.9800000190734863
dataset\2019-4-7-21-52-15 609987.jpeg,0.9800000190734863
dataset\2019-4-7-21-52-15 687747.jpeg,0.9800000190734863
dataset\2019-4-7-21-52-15 727339.jpeg,0.9800000190734863
dataset\2019-4-7-21-52-15 782002.jpeg,0.9800000190734863
dataset\2019-4-7-21-52-15 882065.jpeg,0.9800000190734863
dataset\2019-4-7-21-52-15 926005.jpeg,0.9800000190734863
dataset\2019-4-7-21-52-16 21042.jpeg,0.9800000190734863
dataset\2019-4-7-21-52-16 53886.jpeg,0.9800000190734863
dataset\2019-4-7-21-52-16 133227.jpeg,0.9800000190734863
dataset\2019-4-7-21-52-16 194241.jpeg,0.9800000190734863
dataset\2019-4-7-21-52-16 247363.jpeg,0.9800000190734863
dataset\2019-4-7-21-52-16 322417.jpeg,0.9800000190734863
dataset\2019-4-7-21-52-16 403488.jpeg,0.9800000190734863
dataset\2019-4-7-21-52-16 519432.jpeg,0.9800000190734863
dataset\2019-4-7-21-52-16 486435.jpeg,0.9800000190734863
dataset\2019-4-7-21-52-16 612490.jpeg,0.9800000190734863
dataset\2019-4-7-21-52-16 687564.jpeg,0.9800000190734863
dataset\2019-4-7-21-52-16 749615.jpeg,0.9800000190734863
dataset\2019-4-7-21-52-16 777617.jpeg,0.9800000190734863
dataset\2019-4-7-21-52-16 876815.jpeg,0.9800000190734863
dataset\2019-4-7-21-52-16 938749.jpeg,0.9800000190734863
dataset\2019-4-7-21-52-16 999749.jpeg,0.0
dataset\2019-4-7-21-52-17 50812.jpeg,0.0
dataset\2019-4-7-21-52-17 131809.jpeg,0.0
dataset\2019-4-7-21-52-17 197793.jpeg,0.0
dataset\2019-4-7-21-52-17 323749.jpeg,0.0
dataset\2019-4-7-21-52-17 280792.jpeg,0.0
dataset\2019-4-7-21-52-17 410829.jpeg,0.0
dataset\2019-4-7-21-52-17 460076.jpeg,0.0
dataset\2019-4-7-21-52-17 526035.jpeg,0.0
dataset\2019-4-7-21-52-17 603038.jpeg,0.0
dataset\2019-4-7-21-52-17 664038.jpeg,0.10000000149011612
dataset\2019-4-7-21-52-17 735088.jpeg,0.2199999988079071
dataset\2019-4-7-21-52-17 813431.jpeg,0.0
dataset\2019-4-7-21-52-17 869415.jpeg,0.0
dataset\2019-4-7-21-52-17 945213.jpeg,0.0
dataset\2019-4-7-21-52-17 993155.jpeg,0.0
dataset\2019-4-7-21-52-18 90154.jpeg,0.0
dataset\2019-4-7-21-52-18 141157.jpeg,0.10000000149011612
dataset\2019-4-7-21-52-18 192156.jpeg,0.20000000298023224
dataset\2019-4-7-21-52-18 257162.jpeg,0.30000001192092896
dataset\2019-4-7-21-52-18 347205.jpeg,0.41999998688697815
dataset\2019-4-7-21-52-18 410795.jpeg,0.0
dataset\2019-4-7-21-52-18 460602.jpeg,0.0
dataset\2019-4-7-21-52-18 524609.jpeg,0.0
dataset\2019-4-7-21-52-18 598457.jpeg,0.0
dataset\2019-4-7-21-52-18 673489.jpeg,0.0
dataset\2019-4-7-21-52-18 729509.jpeg,0.0
dataset\2019-4-7-21-52-18 779508.jpeg,0.0
dataset\2019-4-7-21-52-18 858735.jpeg,0.0
dataset\2019-4-7-21-52-18 932777.jpeg,0.0
dataset\2019-4-7-21-52-18 977016.jpeg,0.0
dataset\2019-4-7-21-52-19 58070.jpeg,0.0
dataset\2019-4-7-21-52-19 130077.jpeg,0.0
dataset\2019-4-7-21-52-19 193081.jpeg,0.0
dataset\2019-4-7-21-52-19 261018.jpeg,-0.05999999865889549
dataset\2019-4-7-21-52-19 332388.jpeg,-0.18000000715255737
dataset\2019-4-7-21-52-19 380390.jpeg,-0.30000001192092896
dataset\2019-4-7-21-52-19 457838.jpeg,-0.4000000059604645
dataset\2019-4-7-21-52-19 523857.jpeg,0.0
dataset\2019-4-7-21-52-19 607838.jpeg,0.0
dataset\2019-4-7-21-52-19 685790.jpeg,0.0
dataset\2019-4-7-21-52-19 733849.jpeg,0.0
dataset\2019-4-7-21-52-19 801851.jpeg,0.0
dataset\2019-4-7-21-52-19 872858.jpeg,0.0
dataset\2019-4-7-21-52-19 913789.jpeg,0.0
dataset\2019-4-7-21-52-20 13830.jpeg,0.0
dataset\2019-4-7-21-52-20 53790.jpeg,0.07999999821186066
dataset\2019-4-7-21-52-20 205044.jpeg,0.30000001192092896
dataset\2019-4-7-21-52-20 148877.jpeg,0.18000000715255737
dataset\2019-4-7-21-52-20 280975.jpeg,0.4000000059604645
dataset\2019-4-7-21-52-20 342206.jpeg,0.5199999809265137
dataset\2019-4-7-21-52-20 405206.jpeg,0.6399999856948853
dataset\2019-4-7-21-52-20 480248.jpeg,0.7400000095367432
dataset\2019-4-7-21-52-20 548208.jpeg,0.8399999737739563
dataset\2019-4-7-21-52-20 587209.jpeg,0.0
dataset\2019-4-7-21-52-20 656211.jpeg,0.0
dataset\2019-4-7-21-52-20 746211.jpeg,-0.10000000149011612
dataset\2019-4-7-21-52-20 790208.jpeg,-0.20000000298023224
dataset\2019-4-7-21-52-20 882440.jpeg,-0.3199999928474426
dataset\2019-4-7-21-52-20 936977.jpeg,0.0
dataset\2019-4-7-21-52-20 976023.jpeg,0.0
dataset\2019-4-7-21-52-21 70018.jpeg,0.0
dataset\2019-4-7-21-52-21 118025.jpeg,0.0
dataset\2019-4-7-21-52-21 212021.jpeg,0.0
dataset\2019-4-7-21-52-21 267059.jpeg,0.05999999865889549
dataset\2019-4-7-21-52-21 328078.jpeg,0.0
dataset\2019-4-7-21-52-21 414078.jpeg,0.0
dataset\2019-4-7-21-52-21 500083.jpeg,0.0
dataset\2019-4-7-21-52-21 529309.jpeg,0.0
dataset\2019-4-7-21-52-21 593108.jpeg,0.0
dataset\2019-4-7-21-52-21 671560.jpeg,0.0
dataset\2019-4-7-21-52-21 747566.jpeg,0.0
dataset\2019-4-7-21-52-21 795619.jpeg,0.0
dataset\2019-4-7-21-52-21 855621.jpeg,0.0
dataset\2019-4-7-21-52-21 931451.jpeg,0.0
dataset\2019-4-7-21-52-21 995007.jpeg,0.0
dataset\2019-4-7-21-52-22 68949.jpeg,0.0
dataset\2019-4-7-21-52-22 112748.jpeg,0.0
dataset\2019-4-7-21-52-22 203753.jpeg,0.0
dataset\2019-4-7-21-52-22 271760.jpeg,0.0
dataset\2019-4-7-21-52-22 339733.jpeg,0.0
dataset\2019-4-7-21-52-22 400729.jpeg,0.0
dataset\2019-4-7-21-52-22 452741.jpeg,0.0
dataset\2019-4-7-21-52-22 541738.jpeg,0.0
dataset\2019-4-7-21-52-22 604694.jpeg,0.0
dataset\2019-4-7-21-52-22 728693.jpeg,0.11999999731779099
dataset\2019-4-7-21-52-22 682736.jpeg,0.0
dataset\2019-4-7-21-52-22 813691.jpeg,0.2199999988079071
dataset\2019-4-7-21-52-22 861742.jpeg,0.3400000035762787
dataset\2019-4-7-21-52-22 934031.jpeg,0.4399999976158142
dataset\2019-4-7-21-52-22 990088.jpeg,0.5400000214576721
dataset\2019-4-7-21-52-23 83764.jpeg,0.6600000262260437
dataset\2019-4-7-21-52-23 128764.jpeg,0.7599999904632568
dataset\2019-4-7-21-52-23 196815.jpeg,0.8799999952316284
dataset\2019-4-7-21-52-23 261818.jpeg,0.9800000190734863
dataset\2019-4-7-21-52-23 342767.jpeg,0.9800000190734863
dataset\2019-4-7-21-52-23 396832.jpeg,0.9800000190734863
dataset\2019-4-7-21-52-23 449894.jpeg,0.9800000190734863
dataset\2019-4-7-21-52-23 525774.jpeg,0.9800000190734863
dataset\2019-4-7-21-52-23 606773.jpeg,0.9800000190734863
dataset\2019-4-7-21-52-23 650726.jpeg,0.9800000190734863
dataset\2019-4-7-21-52-23 738729.jpeg,0.9800000190734863
dataset\2019-4-7-21-52-23 782781.jpeg,0.9800000190734863
dataset\2019-4-7-21-52-23 874781.jpeg,0.9800000190734863
dataset\2019-4-7-21-52-23 933797.jpeg,0.9800000190734863
dataset\2019-4-7-21-52-23 976786.jpeg,0.9800000190734863
dataset\2019-4-7-21-52-24 71769.jpeg,0.9800000190734863
dataset\2019-4-7-21-52-24 136119.jpeg,0.9800000190734863
dataset\2019-4-7-21-52-24 203815.jpeg,0.9800000190734863
dataset\2019-4-7-21-52-24 259821.jpeg,0.9800000190734863
dataset\2019-4-7-21-52-24 337915.jpeg,0.9800000190734863
dataset\2019-4-7-21-52-24 435551.jpeg,0.9800000190734863
dataset\2019-4-7-21-52-24 463911.jpeg,0.9800000190734863
dataset\2019-4-7-21-52-24 512827.jpeg,0.9800000190734863
dataset\2019-4-7-21-52-24 596828.jpeg,0.9800000190734863
dataset\2019-4-7-21-52-24 678489.jpeg,0.9800000190734863
dataset\2019-4-7-21-52-24 745493.jpeg,0.9800000190734863
dataset\2019-4-7-21-52-24 799482.jpeg,0.9800000190734863
dataset\2019-4-7-21-52-24 874428.jpeg,0.9800000190734863
dataset\2019-4-7-21-52-24 957484.jpeg,0.9800000190734863
dataset\2019-4-7-21-52-24 986489.jpeg,0.9800000190734863
dataset\2019-4-7-21-52-25 90430.jpeg,0.9800000190734863
dataset\2019-4-7-21-52-25 143686.jpeg,0.9800000190734863
dataset\2019-4-7-21-52-25 181486.jpeg,0.9800000190734863
dataset\2019-4-7-21-52-25 273574.jpeg,0.9800000190734863
dataset\2019-4-7-21-52-25 317976.jpeg,0.9800000190734863
dataset\2019-4-7-21-52-25 400562.jpeg,0.9800000190734863
dataset\2019-4-7-21-52-25 441626.jpeg,0.9800000190734863
dataset\2019-4-7-21-52-25 528621.jpeg,0.9800000190734863
dataset\2019-4-7-21-52-25 589908.jpeg,0.9800000190734863
dataset\2019-4-7-21-52-25 671358.jpeg,0.9800000190734863
dataset\2019-4-7-21-52-25 750923.jpeg,0.9800000190734863
dataset\2019-4-7-21-52-25 803408.jpeg,0.9800000190734863
dataset\2019-4-7-21-52-25 874465.jpeg,0.9800000190734863
dataset\2019-4-7-21-52-25 924413.jpeg,0.9800000190734863
dataset\2019-4-7-21-52-26 10411.jpeg,0.9800000190734863
dataset\2019-4-7-21-52-26 83469.jpeg,0.9800000190734863
dataset\2019-4-7-21-52-26 129472.jpeg,0.9800000190734863
dataset\2019-4-7-21-52-26 182416.jpeg,0.9800000190734863
dataset\2019-4-7-21-52-26 268472.jpeg,0.9800000190734863
dataset\2019-4-7-21-52-26 308470.jpeg,0.9800000190734863
dataset\2019-4-7-21-52-26 389756.jpeg,0.9800000190734863
dataset\2019-4-7-21-52-26 478741.jpeg,0.9800000190734863
dataset\2019-4-7-21-52-26 550203.jpeg,0.9800000190734863
dataset\2019-4-7-21-52-26 607126.jpeg,0.9800000190734863
dataset\2019-4-7-21-52-26 661126.jpeg,0.9800000190734863
dataset\2019-4-7-21-52-26 743975.jpeg,0.9800000190734863
dataset\2019-4-7-21-52-26 791942.jpeg,0.9800000190734863
dataset\2019-4-7-21-52-26 850887.jpeg,0.9800000190734863
dataset\2019-4-7-21-52-26 929856.jpeg,0.9800000190734863
dataset\2019-4-7-21-52-26 993351.jpeg,0.9800000190734863
dataset\2019-4-7-21-52-27 73930.jpeg,0.9800000190734863
dataset\2019-4-7-21-52-27 126962.jpeg,0.9800000190734863
dataset\2019-4-7-21-52-27 188223.jpeg,0.9800000190734863
dataset\2019-4-7-21-52-27 256177.jpeg,0.9800000190734863
dataset\2019-4-7-21-52-27 334296.jpeg,0.0
dataset\2019-4-7-21-52-27 398651.jpeg,0.0
dataset\2019-4-7-21-52-27 479991.jpeg,-0.10000000149011612
dataset\2019-4-7-21-52-27 527970.jpeg,-0.20000000298023224
dataset\2019-4-7-21-52-27 615249.jpeg,-0.3199999928474426
dataset\2019-4-7-21-52-27 671791.jpeg,-0.41999998688697815
dataset\2019-4-7-21-52-27 720135.jpeg,-0.5400000214576721
dataset\2019-4-7-21-52-27 794943.jpeg,-0.6399999856948853
dataset\2019-4-7-21-52-27 873919.jpeg,-0.7599999904632568
dataset\2019-4-7-21-52-27 933937.jpeg,-0.8600000143051147
dataset\2019-4-7-21-52-28 11887.jpeg,-0.9800000190734863
dataset\2019-4-7-21-52-28 50935.jpeg,-0.9800000190734863
dataset\2019-4-7-21-52-28 129754.jpeg,-0.9800000190734863
dataset\2019-4-7-21-52-28 212752.jpeg,-0.9800000190734863
dataset\2019-4-7-21-52-28 284324.jpeg,-0.9800000190734863
dataset\2019-4-7-21-52-28 348500.jpeg,-0.9800000190734863
dataset\2019-4-7-21-52-28 387112.jpeg,-0.9800000190734863
dataset\2019-4-7-21-52-28 471111.jpeg,-0.9800000190734863
dataset\2019-4-7-21-52-28 552113.jpeg,-0.9800000190734863
dataset\2019-4-7-21-52-28 612765.jpeg,-0.9800000190734863
dataset\2019-4-7-21-52-28 669739.jpeg,-0.9800000190734863
dataset\2019-4-7-21-52-28 742741.jpeg,-0.9800000190734863
dataset\2019-4-7-21-52-28 813760.jpeg,-0.9800000190734863
dataset\2019-4-7-21-52-28 874808.jpeg,-0.9800000190734863
dataset\2019-4-7-21-52-28 936835.jpeg,-0.9800000190734863
dataset\2019-4-7-21-52-29 17035.jpeg,-0.9800000190734863
dataset\2019-4-7-21-52-29 60810.jpeg,0.0
dataset\2019-4-7-21-52-29 127876.jpeg,0.0
dataset\2019-4-7-21-52-29 202679.jpeg,0.11999999731779099
dataset\2019-4-7-21-52-29 269677.jpeg,0.2199999988079071
dataset\2019-4-7-21-52-29 343493.jpeg,0.3400000035762787
dataset\2019-4-7-21-52-29 398491.jpeg,0.4399999976158142
dataset\2019-4-7-21-52-29 468798.jpeg,0.5400000214576721
dataset\2019-4-7-21-52-29 519835.jpeg,0.6600000262260437
dataset\2019-4-7-21-52-29 604784.jpeg,0.7599999904632568
dataset\2019-4-7-21-52-29 656782.jpeg,0.8799999952316284
dataset\2019-4-7-21-52-29 734947.jpeg,0.9800000190734863
dataset\2019-4-7-21-52-29 801948.jpeg,0.9800000190734863
dataset\2019-4-7-21-52-29 851996.jpeg,0.9800000190734863
dataset\2019-4-7-21-52-29 930985.jpeg,0.0
dataset\2019-4-7-21-52-30 14022.jpeg,0.0
dataset\2019-4-7-21-52-30 78961.jpeg,0.0
dataset\2019-4-7-21-52-30 119020.jpeg,0.0
dataset\2019-4-7-21-52-30 183074.jpeg,0.0
dataset\2019-4-7-21-52-30 279109.jpeg,0.03999999910593033
dataset\2019-4-7-21-52-30 322145.jpeg,0.14000000059604645
dataset\2019-4-7-21-52-30 395903.jpeg,0.25999999046325684
dataset\2019-4-7-21-52-30 457909.jpeg,0.36000001430511475
dataset\2019-4-7-21-52-30 545903.jpeg,0.47999998927116394
dataset\2019-4-7-21-52-30 585884.jpeg,0.5799999833106995
dataset\2019-4-7-21-52-30 668857.jpeg,0.699999988079071
dataset\2019-4-7-21-52-30 731902.jpeg,0.8199999928474426
dataset\2019-4-7-21-52-30 773852.jpeg,0.9200000166893005
dataset\2019-4-7-21-52-30 862863.jpeg,0.9800000190734863
dataset\2019-4-7-21-52-30 929906.jpeg,0.9800000190734863
dataset\2019-4-7-21-52-30 996858.jpeg,0.9800000190734863
dataset\2019-4-7-21-52-31 76382.jpeg,0.9800000190734863
dataset\2019-4-7-21-52-31 136495.jpeg,0.0
dataset\2019-4-7-21-52-31 175551.jpeg,0.0
dataset\2019-4-7-21-52-31 273550.jpeg,0.0
dataset\2019-4-7-21-52-31 340500.jpeg,0.0
dataset\2019-4-7-21-52-31 394528.jpeg,0.0
dataset\2019-4-7-21-52-31 469434.jpeg,0.0
dataset\2019-4-7-21-52-31 530488.jpeg,0.0
dataset\2019-4-7-21-52-31 593504.jpeg,0.0
dataset\2019-4-7-21-52-31 673545.jpeg,0.0
dataset\2019-4-7-21-52-31 728563.jpeg,0.0
dataset\2019-4-7-21-52-31 802512.jpeg,0.0
dataset\2019-4-7-21-52-31 888543.jpeg,0.07999999821186066
dataset\2019-4-7-21-52-31 921504.jpeg,0.18000000715255737
dataset\2019-4-7-21-52-31 989565.jpeg,0.2800000011920929
dataset\2019-4-7-21-52-32 78549.jpeg,0.4000000059604645
dataset\2019-4-7-21-52-32 122503.jpeg,0.5
dataset\2019-4-7-21-52-32 193507.jpeg,0.0
dataset\2019-4-7-21-52-32 262507.jpeg,0.0
dataset\2019-4-7-21-52-32 345085.jpeg,0.0
dataset\2019-4-7-21-52-32 399201.jpeg,0.0
dataset\2019-4-7-21-52-32 460409.jpeg,0.0
dataset\2019-4-7-21-52-32 537404.jpeg,0.0
dataset\2019-4-7-21-52-32 590465.jpeg,0.0
dataset\2019-4-7-21-52-32 668471.jpeg,0.0
dataset\2019-4-7-21-52-32 743457.jpeg,0.0
dataset\2019-4-7-21-52-32 788471.jpeg,0.0
dataset\2019-4-7-21-52-32 865428.jpeg,0.0
dataset\2019-4-7-21-52-32 940451.jpeg,0.0
dataset\2019-4-7-21-52-32 993431.jpeg,0.10000000149011612
dataset\2019-4-7-21-52-33 52776.jpeg,0.2199999988079071
dataset\2019-4-7-21-52-33 133775.jpeg,0.3199999928474426
dataset\2019-4-7-21-52-33 196712.jpeg,0.4399999976158142
dataset\2019-4-7-21-52-33 245759.jpeg,0.5400000214576721
dataset\2019-4-7-21-52-33 337951.jpeg,0.6399999856948853
dataset\2019-4-7-21-52-33 400634.jpeg,0.7599999904632568
dataset\2019-4-7-21-52-33 454689.jpeg,0.8600000143051147
dataset\2019-4-7-21-52-33 539354.jpeg,0.9800000190734863
dataset\2019-4-7-21-52-33 608873.jpeg,0.9800000190734863
dataset\2019-4-7-21-52-33 662874.jpeg,0.9800000190734863
dataset\2019-4-7-21-52-33 728981.jpeg,0.9800000190734863
dataset\2019-4-7-21-52-33 801643.jpeg,0.9800000190734863
dataset\2019-4-7-21-52-33 842481.jpeg,0.9800000190734863
dataset\2019-4-7-21-52-33 931471.jpeg,0.9800000190734863
dataset\2019-4-7-21-52-33 990046.jpeg,0.9800000190734863
dataset\2019-4-7-21-52-34 62892.jpeg,0.9800000190734863
dataset\2019-4-7-21-52-34 118375.jpeg,0.9800000190734863
dataset\2019-4-7-21-52-34 188697.jpeg,0.9800000190734863
dataset\2019-4-7-21-52-34 276672.jpeg,0.9800000190734863
dataset\2019-4-7-21-52-34 337545.jpeg,0.9800000190734863
dataset\2019-4-7-21-52-34 382497.jpeg,0.9800000190734863
dataset\2019-4-7-21-52-34 464541.jpeg,0.9800000190734863
dataset\2019-4-7-21-52-34 541499.jpeg,0.9800000190734863
dataset\2019-4-7-21-52-34 612559.jpeg,0.9800000190734863
dataset\2019-4-7-21-52-34 667499.jpeg,0.9800000190734863
dataset\2019-4-7-21-52-34 728537.jpeg,0.9800000190734863
dataset\2019-4-7-21-52-34 785572.jpeg,0.0
dataset\2019-4-7-21-52-34 861153.jpeg,0.0
dataset\2019-4-7-21-52-34 922849.jpeg,0.0
dataset\2019-4-7-21-52-34 992438.jpeg,0.0
dataset\2019-4-7-21-52-35 65491.jpeg,0.0
dataset\2019-4-7-21-52-35 132490.jpeg,0.0
dataset\2019-4-7-21-52-35 183463.jpeg,0.0
dataset\2019-4-7-21-52-35 264326.jpeg,0.0
dataset\2019-4-7-21-52-35 344384.jpeg,0.0
dataset\2019-4-7-21-52-35 382366.jpeg,0.0
dataset\2019-4-7-21-52-35 453383.jpeg,0.0
dataset\2019-4-7-21-52-35 534383.jpeg,0.0
dataset\2019-4-7-21-52-35 596321.jpeg,0.0
dataset\2019-4-7-21-52-35 679381.jpeg,0.0
dataset\2019-4-7-21-52-35 713382.jpeg,-0.019999999552965164
dataset\2019-4-7-21-52-35 776361.jpeg,-0.14000000059604645
dataset\2019-4-7-21-52-35 868368.jpeg,-0.23999999463558197
dataset\2019-4-7-21-52-35 930324.jpeg,-0.36000001430511475
dataset\2019-4-7-21-52-36 16321.jpeg,-0.46000000834465027
dataset\2019-4-7-21-52-36 71330.jpeg,-0.5799999833106995
dataset\2019-4-7-21-52-36 110327.jpeg,-0.699999988079071
dataset\2019-4-7-21-52-36 194371.jpeg,-0.800000011920929
dataset\2019-4-7-21-52-36 267331.jpeg,-0.9200000166893005
dataset\2019-4-7-21-52-36 318325.jpeg,-0.9800000190734863
dataset\2019-4-7-21-52-36 408377.jpeg,-0.9800000190734863
dataset\2019-4-7-21-52-36 466326.jpeg,-0.9800000190734863
dataset\2019-4-7-21-52-36 520452.jpeg,-0.9800000190734863
dataset\2019-4-7-21-52-36 600936.jpeg,-0.9800000190734863
dataset\2019-4-7-21-52-36 663890.jpeg,-0.9800000190734863
dataset\2019-4-7-21-52-36 733920.jpeg,-0.9800000190734863
dataset\2019-4-7-21-52-36 783207.jpeg,-0.9800000190734863
dataset\2019-4-7-21-52-36 862396.jpeg,-0.9800000190734863
dataset\2019-4-7-21-52-36 929409.jpeg,-0.9800000190734863
dataset\2019-4-7-21-52-37 5808.jpeg,-0.9800000190734863
dataset\2019-4-7-21-52-37 73803.jpeg,-0.9800000190734863
dataset\2019-4-7-21-52-37 123815.jpeg,-0.9800000190734863
dataset\2019-4-7-21-52-37 202815.jpeg,-0.9800000190734863
dataset\2019-4-7-21-52-37 269815.jpeg,0.0
dataset\2019-4-7-21-52-37 335757.jpeg,0.0
dataset\2019-4-7-21-52-37 397811.jpeg,0.0
dataset\2019-4-7-21-52-37 477756.jpeg,0.0
dataset\2019-4-7-21-52-37 516051.jpeg,0.0
dataset\2019-4-7-21-52-37 605959.jpeg,0.0
dataset\2019-4-7-21-52-37 673751.jpeg,0.0
dataset\2019-4-7-21-52-37 720773.jpeg,0.0
dataset\2019-4-7-21-52-37 800768.jpeg,0.0
dataset\2019-4-7-21-52-37 850771.jpeg,0.0
dataset\2019-4-7-21-52-37 919296.jpeg,0.0
dataset\2019-4-7-21-52-38 1888.jpeg,0.0
dataset\2019-4-7-21-52-38 49499.jpeg,0.0
dataset\2019-4-7-21-52-38 129606.jpeg,0.0
dataset\2019-4-7-21-52-38 190592.jpeg,0.10000000149011612
dataset\2019-4-7-21-52-38 252596.jpeg,0.0
dataset\2019-4-7-21-52-38 340667.jpeg,0.0
dataset\2019-4-7-21-52-38 400746.jpeg,0.0
dataset\2019-4-7-21-52-38 462370.jpeg,0.0
dataset\2019-4-7-21-52-38 527378.jpeg,0.0
dataset\2019-4-7-21-52-38 595861.jpeg,0.0
dataset\2019-4-7-21-52-38 660827.jpeg,0.0
dataset\2019-4-7-21-52-38 717873.jpeg,0.0
dataset\2019-4-7-21-52-38 815885.jpeg,0.0
dataset\2019-4-7-21-52-38 875892.jpeg,0.0
dataset\2019-4-7-21-52-38 915885.jpeg,0.0
dataset\2019-4-7-21-52-38 993880.jpeg,0.0
dataset\2019-4-7-21-52-39 61906.jpeg,0.0
dataset\2019-4-7-21-52-39 111923.jpeg,0.0
dataset\2019-4-7-21-52-39 187981.jpeg,0.0
dataset\2019-4-7-21-52-39 258290.jpeg,0.0
dataset\2019-4-7-21-52-39 325014.jpeg,0.0
dataset\2019-4-7-21-52-39 368010.jpeg,0.0
dataset\2019-4-7-21-52-39 470956.jpeg,0.0
dataset\2019-4-7-21-52-39 515951.jpeg,0.0
dataset\2019-4-7-21-52-39 612076.jpeg,0.0
dataset\2019-4-7-21-52-39 715272.jpeg,0.0
dataset\2019-4-7-21-52-39 673115.jpeg,0.0
dataset\2019-4-7-21-52-39 804088.jpeg,0.0
dataset\2019-4-7-21-52-39 873318.jpeg,0.0
dataset\2019-4-7-21-52-39 923317.jpeg,0.0
dataset\2019-4-7-21-52-40 5368.jpeg,0.0
dataset\2019-4-7-21-52-40 56314.jpeg,0.0
dataset\2019-4-7-21-52-40 121057.jpeg,0.0
dataset\2019-4-7-21-52-40 194014.jpeg,0.0
dataset\2019-4-7-21-52-40 251074.jpeg,0.0
dataset\2019-4-7-21-52-40 334853.jpeg,0.0
dataset\2019-4-7-21-52-40 400881.jpeg,0.0
dataset\2019-4-7-21-52-40 445817.jpeg,0.0
dataset\2019-4-7-21-52-40 526863.jpeg,0.0
dataset\2019-4-7-21-52-40 590859.jpeg,0.0
